﻿<?xml version="1.0" encoding="utf-8"?>
<?xml-stylesheet type="text/xsl" href="c:\program files (x86)\microsoft visual studio\2019\professional\team tools\static analysis tools\fxcop\Xml\CodeAnalysisReport.xsl"?>
<FxCopReport Version="16.0">
 <Targets>
  <Target Name="C:\Git\Kerbal-Konstructs\GameData\KerbalKonstructs\KerbalKonstructs.dll">
   <Modules>
    <Module Name="kerbalkonstructs.dll">
     <Namespaces>
      <Namespace Name="KerbalKonstructs.Core">
       <Types>
        <Type Name="ConfigParser" Kind="Class" Accessibility="Assembly" ExternallyVisible="False">
         <Members>
          <Member Name="#CreateZips()" Kind="Method" Static="True" Accessibility="Assembly" ExternallyVisible="False">
           <Messages>
            <Message TypeName="Do not dispose objects multiple times" Category="Microsoft.Usage" CheckId="CA2202" Status="Active" Created="2019-04-03 19:17:54Z" FixCategory="DependsOnFix">
             <Issue Certainty="75" Level="Warning" Path="C:\Git\Kerbal-Konstructs\src\Core\Config" File="ConfigParser.cs" Line="576">Object 'allTarFileStream' can be disposed more than once in method 'ConfigParser.CreateZips()'. To avoid generating a System.ObjectDisposedException you should not call Dispose more than one time on an object.: Lines: 576</Issue>
             <Issue Certainty="75" Level="Warning" Path="C:\Git\Kerbal-Konstructs\src\Core\Config" File="ConfigParser.cs" Line="572">Object 'tarFileStream' can be disposed more than once in method 'ConfigParser.CreateZips()'. To avoid generating a System.ObjectDisposedException you should not call Dispose more than one time on an object.: Lines: 572</Issue>
            </Message>
           </Messages>
          </Member>
         </Members>
        </Type>
        <Type Name="LegacyTarWriter" Kind="Class" Accessibility="Public" ExternallyVisible="True">
         <Messages>
          <Message TypeName="ImplementIDisposableCorrectly" Category="Microsoft.Design" CheckId="CA1063" Status="Active" Created="2019-04-03 19:17:54Z" FixCategory="Breaking">
           <Issue Name="ProvideDisposeBool" Certainty="95" Level="Error">Provide an overridable implementation of Dispose(bool) on 'LegacyTarWriter' or mark the type as sealed. A call to Dispose(false) should only clean up native resources. A call to Dispose(true) should clean up both managed and native resources.</Issue>
          </Message>
         </Messages>
         <Members>
          <Member Name="#Dispose()" Kind="Method" Static="False" Accessibility="Public" ExternallyVisible="True">
           <Messages>
            <Message TypeName="ImplementIDisposableCorrectly" Category="Microsoft.Design" CheckId="CA1063" Status="Active" Created="2019-04-03 19:17:54Z" FixCategory="Breaking">
             <Issue Name="DisposeImplementation" Certainty="95" Level="Error" Path="C:\Git\Kerbal-Konstructs\src\Utilities" File="Tar.cs" Line="195">Modify 'LegacyTarWriter.Dispose()' so that it calls Dispose(true), then calls GC.SuppressFinalize on the current object instance ('this' or 'Me' in Visual Basic), and then returns.</Issue>
            </Message>
           </Messages>
          </Member>
         </Members>
        </Type>
       </Types>
      </Namespace>
     </Namespaces>
    </Module>
   </Modules>
  </Target>
 </Targets>
 <Rules>
  <Rule TypeName="Do not dispose objects multiple times" Category="Microsoft.Usage" CheckId="CA2202">
   <Name>Do not dispose objects multiple times</Name>
   <Description>A correctly implemented Dispose method can be called multiple times without throwing an exception. However, this is not guaranteed and to avoid generating a System.ObjectDisposedException you should not call Dispose more than one time on an object.</Description>
   <Resolution Name="Default">Object {0} can be disposed more than once in method {1}. To avoid generating a System.ObjectDisposedException you should not call Dispose more than one time on an object.: Lines: 576</Resolution>
   <Owner>RuleOwner</Owner>
   <Url>http://msdn.microsoft.com/library/ms182334.aspx</Url>
   <Email />
   <MessageLevel Certainty="75">Warning</MessageLevel>
   <File Name="dataflowrules.dll" Version="16.0.0.0" />
  </Rule>
  <Rule TypeName="ImplementIDisposableCorrectly" Category="Microsoft.Design" CheckId="CA1063">
   <Name>Implement IDisposable correctly</Name>
   <Description>All IDisposable types should implement the Dispose pattern correctly.</Description>
   <Resolution Name="DisposeImplementation">Modify {0} so that it calls Dispose(true), then calls GC.SuppressFinalize on the current object instance ('this' or 'Me' in Visual Basic), and then returns.</Resolution>
   <Resolution Name="ProvideDisposeBool">Provide an overridable implementation of Dispose(bool) on {0} or mark the type as sealed. A call to Dispose(false) should only clean up native resources. A call to Dispose(true) should clean up both managed and native resources.</Resolution>
   <Owner />
   <Url>http://msdn.microsoft.com/library/ms244737.aspx</Url>
   <Email>[none]</Email>
   <MessageLevel Certainty="95">Error</MessageLevel>
   <File Name="designrules.dll" Version="16.0.0.0" />
  </Rule>
 </Rules>
 <Localized>
  <String Key="Category">Category</String>
  <String Key="Certainty">Certainty</String>
  <String Key="CollapseAll">Collapse All</String>
  <String Key="CheckId">Check Id</String>
  <String Key="Error">Error</String>
  <String Key="Errors">error(s)</String>
  <String Key="ExpandAll">Expand All</String>
  <String Key="Help">Help</String>
  <String Key="Line">Line</String>
  <String Key="Messages">message(s)</String>
  <String Key="LocationNotStoredInPdb">[Location not stored in Pdb]</String>
  <String Key="Project">Project</String>
  <String Key="Resolution">Resolution</String>
  <String Key="Rule">Rule</String>
  <String Key="RuleFile">Rule File</String>
  <String Key="RuleDescription">Rule Description</String>
  <String Key="Source">Source</String>
  <String Key="Status">Status</String>
  <String Key="Target">Target</String>
  <String Key="Warning">Warning</String>
  <String Key="Warnings">warning(s)</String>
  <String Key="ReportTitle">Code Analysis Report</String>
 </Localized>
</FxCopReport>
